{
  "project_info": {
    "project_number": "442464470929",
    "firebase_url": "https://wagba-project-default-rtdb.firebaseio.com",
    "project_id": "wagba-project",
    "storage_bucket": "wagba-project.appspot.com"
  },
  "client": [
    {
      "client_info": {
        "mobilesdk_app_id": "1:442464470929:android:89ff92dbd046e07a7fbc30",
        "android_client_info": {
          "package_name": "com.example.wagbaproject"
        }
      },
      "oauth_client": [
        {
          "client_id": "442464470929-5k58fego3pi471tfoq8h07t1t88h97dq.apps.googleusercontent.com",
          "client_type": 3
        }
      ],
      "api_key": [
        {
          "current_key": "AIzaSyAyinQj3OFNwRCRNLR5A_TtaTxeCIjLM88"
        }
      ],
      "services": {
        "appinvite_service": {
          "other_platform_oauth_client": [
            {
              "client_id": "442464470929-5k58fego3pi471tfoq8h07t1t88h97dq.apps.googleusercontent.com",
              "client_type": 3
            }
          ]
        }
      }
    }
  ],
  "configuration_version": "1"
}